k,inertia,silhouette_score
2,31140.45447139421,0.26435670251760207
3,26173.55664794844,0.192415148850183
4,23386.47884641915,0.1733366100693909
5,21904.504362011823,0.16264367248086797
6,20747.643441775443,0.15803219925758047
7,19817.086975280592,0.15268110624163758
8,18964.644536868647,0.15005336475776324
9,18276.813173833558,0.14936265125423753
10,17872.48346837803,0.14570159831160168
